Workbook

Sheet Sheet1
A1: Value | B1: Position | C1: Label | D1: Values | F1: Measurement Level | G1: Role | H1: Column Width | I1: Alignment | J1: Missing Values | K1: Derived or questionnaire variable | L1: Notes/comments on dervied variables
A2: qcountry | B2: =VLOOKUP(A2,Sheet2!I:J,2,FALSE) -> 1 | C2: =VLOOKUP(A2,Sheet2!A:B,2,FALSE) -> QCOUNTRY. Country School is in | D2: 1.00 | E2: England | F2: Nominal | G2: Input | H2: =VLOOKUP(A2,Sheet2!L:M,2,FALSE) -> 10 | I2: Right | J2: -99
B3: =VLOOKUP(A3,Sheet2!I:J,2,FALSE) -> #N/A | C3: =VLOOKUP(A3,Sheet2!A:B,2,FALSE) -> #N/A | D3: 2.00 | E3: Wales | F3: Nominal | G3: Input | H3: =VLOOKUP(A3,Sheet2!L:M,2,FALSE) -> #N/A | I3: Right | J3: -99
B4: =VLOOKUP(A4,Sheet2!I:J,2,FALSE) -> #N/A | C4: =VLOOKUP(A4,Sheet2!A:B,2,FALSE) -> #N/A | D4: 3.00 | E4: Scotland | F4: Nominal | G4: Input | H4: =VLOOKUP(A4,Sheet2!L:M,2,FALSE) -> #N/A | I4: Right | J4: -99
B5: =VLOOKUP(A5,Sheet2!I:J,2,FALSE) -> #N/A | C5: =VLOOKUP(A5,Sheet2!A:B,2,FALSE) -> #N/A | D5: 4.00 | E5: Not stated/not answered | F5: Nominal | G5: Input | H5: =VLOOKUP(A5,Sheet2!L:M,2,FALSE) -> #N/A | I5: Right | J5: -99
A6: problem1 | B6: =VLOOKUP(A6,Sheet2!I:J,2,FALSE) -> 2 | C6: =VLOOKUP(A6,Sheet2!A:B,2,FALSE) -> Problem gambler: Respondents who have gambled in the last 12 months with their own money | D6: .00 | E6: no Respondents who have gambled in the last 12 months with their own money | F6: Nominal | G6: Input | H6: =VLOOKUP(A6,Sheet2!L:M,2,FALSE) -> 10 | I6: Right | J6: -99
B7: =VLOOKUP(A7,Sheet2!I:J,2,FALSE) -> #N/A | C7: =VLOOKUP(A7,Sheet2!A:B,2,FALSE) -> #N/A | D7: 1.00 | E7: Respondents who have gambled in the last 12 months with their own money | F7: Nominal | G7: Input | H7: =VLOOKUP(A7,Sheet2!L:M,2,FALSE) -> #N/A | I7: Right | J7: -99
A8: problem2 | B8: =VLOOKUP(A8,Sheet2!I:J,2,FALSE) -> 3 | C8: =VLOOKUP(A8,Sheet2!A:B,2,FALSE) -> Problem gambler: Non-problem gambler | D8: .00 | E8: no Non-problem gambler | F8: Nominal | G8: Input | H8: =VLOOKUP(A8,Sheet2!L:M,2,FALSE) -> 10 | I8: Right | J8: -99
B9: =VLOOKUP(A9,Sheet2!I:J,2,FALSE) -> #N/A | C9: =VLOOKUP(A9,Sheet2!A:B,2,FALSE) -> #N/A | D9: 1.00 | E9: Non-problem gambler | F9: Nominal | G9: Input | H9: =VLOOKUP(A9,Sheet2!L:M,2,FALSE) -> #N/A | I9: Right | J9: -99
A10: problem3 | B10: =VLOOKUP(A10,Sheet2!I:J,2,FALSE) -> 4 | C10: =VLOOKUP(A10,Sheet2!A:B,2,FALSE) -> Problem gambler: At risk | D10: .00 | E10: no At risk | F10: Nominal | G10: Input | H10: =VLOOKUP(A10,Sheet2!L:M,2,FALSE) -> 10 | I10: Right | J10: -99
B11: =VLOOKUP(A11,Sheet2!I:J,2,FALSE) -> #N/A | C11: =VLOOKUP(A11,Sheet2!A:B,2,FALSE) -> #N/A | D11: 1.00 | E11: At risk | F11: Nominal | G11: Input | H11: =VLOOKUP(A11,Sheet2!L:M,2,FALSE) -> #N/A | I11: Right | J11: -99
A12: problem4 | B12: =VLOOKUP(A12,Sheet2!I:J,2,FALSE) -> 5 | C12: =VLOOKUP(A12,Sheet2!A:B,2,FALSE) -> Problem gambler: Problem | D12: .00 | E12: no Problem | F12: Nominal | G12: Input | H12: =VLOOKUP(A12,Sheet2!L:M,2,FALSE) -> 10 | I12: Right | J12: -99
B13: =VLOOKUP(A13,Sheet2!I:J,2,FALSE) -> #N/A | C13: =VLOOKUP(A13,Sheet2!A:B,2,FALSE) -> #N/A | D13: 1.00 | E13: Problem | F13: Nominal | G13: Input | H13: =VLOOKUP(A13,Sheet2!L:M,2,FALSE) -> #N/A | I13: Right | J13: -99
A14: problem5 | B14: =VLOOKUP(A14,Sheet2!I:J,2,FALSE) -> 6 | C14: =VLOOKUP(A14,Sheet2!A:B,2,FALSE) -> Problem gambler: Respondents who say prefer not to say to all problem gambling screening questions | D14: .00 | E14: no Respondents who say prefer not to say to all problem gambling screening questions | F14: Nominal | G14: Input | H14: =VLOOKUP(A14,Sheet2!L:M,2,FALSE) -> 10 | I14: Right | J14: -99
B15: =VLOOKUP(A15,Sheet2!I:J,2,FALSE) -> #N/A | C15: =VLOOKUP(A15,Sheet2!A:B,2,FALSE) -> #N/A | D15: 1.00 | E15: Respondents who say prefer not to say to all problem gambling screening questions | F15: Nominal | G15: Input | H15: =VLOOKUP(A15,Sheet2!L:M,2,FALSE) -> #N/A | I15: Right | J15: -99
A16: problem6 | B16: =VLOOKUP(A16,Sheet2!I:J,2,FALSE) -> 7 | C16: =VLOOKUP(A16,Sheet2!A:B,2,FALSE) -> Problem gambler: Not used own money in last 12 months/not gambled | D16: .00 | E16: no Not used own money in last 12 months/not gambled | F16: Nominal | G16: Input | H16: =VLOOKUP(A16,Sheet2!L:M,2,FALSE) -> 10 | I16: Right | J16: -99
B17: =VLOOKUP(A17,Sheet2!I:J,2,FALSE) -> #N/A | C17: =VLOOKUP(A17,Sheet2!A:B,2,FALSE) -> #N/A | D17: 1.00 | E17: Not used own money in last 12 months/not gambled | F17: Nominal | G17: Input | H17: =VLOOKUP(A17,Sheet2!L:M,2,FALSE) -> #N/A | I17: Right | J17: -99
A18: problem7 | B18: =VLOOKUP(A18,Sheet2!I:J,2,FALSE) -> 8 | C18: =VLOOKUP(A18,Sheet2!A:B,2,FALSE) -> Problem gambler: Never done any of the activities | D18: .00 | E18: no Never done any of the activities | F18: Nominal | G18: Input | H18: =VLOOKUP(A18,Sheet2!L:M,2,FALSE) -> 10 | I18: Right | J18: -99
B19: =VLOOKUP(A19,Sheet2!I:J,2,FALSE) -> #N/A | C19: =VLOOKUP(A19,Sheet2!A:B,2,FALSE) -> #N/A | D19: 1.00 | E19: Never done any of the activities | F19: Nominal | G19: Input | H19: =VLOOKUP(A19,Sheet2!L:M,2,FALSE) -> #N/A | I19: Right | J19: -99
A20: problem8 | B20: =VLOOKUP(A20,Sheet2!I:J,2,FALSE) -> 9 | C20: =VLOOKUP(A20,Sheet2!A:B,2,FALSE) -> Problem gambler: Not spent own money on any activity | D20: .00 | E20: no Not spent own money on any activity | F20: Nominal | G20: Input | H20: =VLOOKUP(A20,Sheet2!L:M,2,FALSE) -> 10 | I20: Right | J20: -99
B21: =VLOOKUP(A21,Sheet2!I:J,2,FALSE) -> #N/A | C21: =VLOOKUP(A21,Sheet2!A:B,2,FALSE) -> #N/A | D21: 1.00 | E21: Not spent own money on any activity | F21: Nominal | G21: Input | H21: =VLOOKUP(A21,Sheet2!L:M,2,FALSE) -> #N/A | I21: Right | J21: -99
A22: problem9 | B22: =VLOOKUP(A22,Sheet2!I:J,2,FALSE) -> 10 | C22: =VLOOKUP(A22,Sheet2!A:B,2,FALSE) -> Problem gambler: Used own money but not in the last 12 months | D22: .00 | E22: no Used own money but not in the last 12 months | F22: Nominal | G22: Input | H22: =VLOOKUP(A22,Sheet2!L:M,2,FALSE) -> 10 | I22: Right | J22: -99
B23: =VLOOKUP(A23,Sheet2!I:J,2,FALSE) -> #N/A | C23: =VLOOKUP(A23,Sheet2!A:B,2,FALSE) -> #N/A | D23: 1.00 | E23: Used own money but not in the last 12 months | F23: Nominal | G23: Input | H23: =VLOOKUP(A23,Sheet2!L:M,2,FALSE) -> #N/A | I23: Right | J23: -99
A24: problem10 | B24: =VLOOKUP(A24,Sheet2!I:J,2,FALSE) -> 11 | C24: =VLOOKUP(A24,Sheet2!A:B,2,FALSE) -> Problem gambler: Not stated/not answered | D24: .00 | E24: no Not stated/not answered | F24: Nominal | G24: Input | H24: =VLOOKUP(A24,Sheet2!L:M,2,FALSE) -> 11 | I24: Right | J24: -99
B25: =VLOOKUP(A25,Sheet2!I:J,2,FALSE) -> #N/A | C25: =VLOOKUP(A25,Sheet2!A:B,2,FALSE) -> #N/A | D25: 1.00 | E25: Not stated/not answered | F25: Nominal | G25: Input | H25: =VLOOKUP(A25,Sheet2!L:M,2,FALSE) -> #N/A | I25: Right | J25: -99
A26: problem11 | B26: =VLOOKUP(A26,Sheet2!I:J,2,FALSE) -> 12 | C26: =VLOOKUP(A26,Sheet2!A:B,2,FALSE) -> Problem gambler: Any regulated gambling | D26: .00 | E26: no Any regulated gambling | F26: Nominal | G26: Input | H26: =VLOOKUP(A26,Sheet2!L:M,2,FALSE) -> 11 | I26: Right | J26: -99
B27: =VLOOKUP(A27,Sheet2!I:J,2,FALSE) -> #N/A | C27: =VLOOKUP(A27,Sheet2!A:B,2,FALSE) -> #N/A | D27: 1.00 | E27: Any regulated gambling | F27: Nominal | G27: Input | H27: =VLOOKUP(A27,Sheet2!L:M,2,FALSE) -> #N/A | I27: Right | J27: -99
A28: problem12 | B28: =VLOOKUP(A28,Sheet2!I:J,2,FALSE) -> 13 | C28: =VLOOKUP(A28,Sheet2!A:B,2,FALSE) -> Problem gambler: Any unregulated gambling | D28: .00 | E28: no Any unregulated gambling | F28: Nominal | G28: Input | H28: =VLOOKUP(A28,Sheet2!L:M,2,FALSE) -> 11 | I28: Right | J28: -99
B29: =VLOOKUP(A29,Sheet2!I:J,2,FALSE) -> #N/A | C29: =VLOOKUP(A29,Sheet2!A:B,2,FALSE) -> #N/A | D29: 1.00 | E29: Any unregulated gambling | F29: Nominal | G29: Input | H29: =VLOOKUP(A29,Sheet2!L:M,2,FALSE) -> #N/A | I29: Right | J29: -99
A30: problem13 | B30: =VLOOKUP(A30,Sheet2!I:J,2,FALSE) -> 14 | C30: =VLOOKUP(A30,Sheet2!A:B,2,FALSE) -> Problem gambler: Any regulated gambling without arcade machines | D30: .00 | E30: no Any regulated gambling without arcade machines | F30: Nominal | G30: Input | H30: =VLOOKUP(A30,Sheet2!L:M,2,FALSE) -> 11 | I30: Right | J30: -99
B31: =VLOOKUP(A31,Sheet2!I:J,2,FALSE) -> #N/A | C31: =VLOOKUP(A31,Sheet2!A:B,2,FALSE) -> #N/A | D31: 1.00 | E31: Any regulated gambling without arcade machines | F31: Nominal | G31: Input | H31: =VLOOKUP(A31,Sheet2!L:M,2,FALSE) -> #N/A | I31: Right | J31: -99
A32: gamspenda1 | B32: =VLOOKUP(A32,Sheet2!I:J,2,FALSE) -> 15 | C32: =VLOOKUP(A32,Sheet2!A:B,2,FALSE) -> GC_GAMSPENDWHEN. When did you last do... Summary of gambling in the last 7 days? Was it...?: National Lottery draw e.g. Lotto, EuroMillions or Set for Life, either with a physical ticket or playing online | D32: .00 | E32: no National Lottery draw e.g. Lotto, EuroMillions or Set for Life, either with a physical ticket or playing online | F32: Nominal | G32: Input | H32: =VLOOKUP(A32,Sheet2!L:M,2,FALSE) -> 12 | I32: Right | J32: -99
B33: =VLOOKUP(A33,Sheet2!I:J,2,FALSE) -> #N/A | C33: =VLOOKUP(A33,Sheet2!A:B,2,FALSE) -> #N/A | D33: 1.00 | E33: National Lottery draw e.g. Lotto, EuroMillions or Set for Life, either with a physical ticket or playing online | F33: Nominal | G33: Input | H33: =VLOOKUP(A33,Sheet2!L:M,2,FALSE) -> #N/A | I33: Right | J33: -99
A34: gamspenda2 | B34: =VLOOKUP(A34,Sheet2!I:J,2,FALSE) -> 16 | C34: =VLOOKUP(A34,Sheet2!A:B,2,FALSE) -> GC_GAMSPENDWHEN. When did you last do... Summary of gambling in the last 7 days? Was it...?: National Lottery Scratchcards (not free Scratchcards) | D34: .00 | E34: no National Lottery Scratchcards (not free Scratchcards) | F34: Nominal | G34: Input | H34: =VLOOKUP(A34,Sheet2!L:M,2,FALSE) -> 12 | I34: Right | J34: -99
B35: =VLOOKUP(A35,Sheet2!I:J,2,FALSE) -> #N/A | C35: =VLOOKUP(A35,Sheet2!A:B,2,FALSE) -> #N/A | D35: 1.00 | E35: National Lottery Scratchcards (not free Scratchcards) | F35: Nominal | G35: Input | H35: =VLOOKUP(A35,Sheet2!L:M,2,FALSE) -> #N/A | I35: Right | J35: -99
A36: gamspenda3 | B36: =VLOOKUP(A36,Sheet2!I:J,2,FALSE) -> 17 | C36: =VLOOKUP(A36,Sheet2!A:B,2,FALSE) -> GC_GAMSPENDWHEN. When did you last do... Summary of gambling in the last 7 days? Was it...?: National Lottery online instant win games | D36: .00 | E36: no National Lottery online instant win games | F36: Nominal | G36: Input | H36: =VLOOKUP(A36,Sheet2!L:M,2,FALSE) -> 12 | I36: Right | J36: -99
B37: =VLOOKUP(A37,Sheet2!I:J,2,FALSE) -> #N/A | C37: =VLOOKUP(A37,Sheet2!A:B,2,FALSE) -> #N/A | D37: 1.00 | E37: National Lottery online instant win games | F37: Nominal | G37: Input | H37: =VLOOKUP(A37,Sheet2!L:M,2,FALSE) -> #N/A | I37: Right | J37: -99
A38: gamspenda4 | B38: =VLOOKUP(A38,Sheet2!I:J,2,FALSE) -> 18 | C38: =VLOOKUP(A38,Sheet2!A:B,2,FALSE) -> GC_GAMSPENDWHEN. When did you last do... Summary of gambling in the last 7 days? Was it...?: Other Lotteries (e.g. The Health Lottery, People's Postcode Lottery, or other smaller lotteries) | D38: .00 | E38: no Other Lotteries (e.g. The Health Lottery, People's Postcode Lottery, or other smaller lotteries) | F38: Nominal | G38: Input | H38: =VLOOKUP(A38,Sheet2!L:M,2,FALSE) -> 12 | I38: Right | J38: -99
B39: =VLOOKUP(A39,Sheet2!I:J,2,FALSE) -> #N/A | C39: =VLOOKUP(A39,Sheet2!A:B,2,FALSE) -> #N/A | D39: 1.00 | E39: Other Lotteries (e.g. The Health Lottery, People's Postcode Lottery, or other smaller lotteries) | F39: Nominal | G39: Input | H39: =VLOOKUP(A39,Sheet2!L:M,2,FALSE) -> #N/A | I39: Right | J39: -99
A40: gamspenda5 | B40: =VLOOKUP(A40,Sheet2!I:J,2,FALSE) -> 19 | C40: =VLOOKUP(A40,Sheet2!A:B,2,FALSE) -> GC_GAMSPENDWHEN. When did you last do... Summary of gambling in the last 7 days? Was it...?: Played arcade gaming machines (e.g. penny pusher or claw grab machine) | D40: .00 | E40: no Played arcade gaming machines (e.g. penny pusher or claw grab machine) | F40: Nominal | G40: Input | H40: =VLOOKUP(A40,Sheet2!L:M,2,FALSE) -> 12 | I40: Right | J40: -99
B41: =VLOOKUP(A41,Sheet2!I:J,2,FALSE) -> #N/A | C41: =VLOOKUP(A41,Sheet2!A:B,2,FALSE) -> #N/A | D41: 1.00 | E41: Played arcade gaming machines (e.g. penny pusher or claw grab machine) | F41: Nominal | G41: Input | H41: =VLOOKUP(A41,Sheet2!L:M,2,FALSE) -> #N/A | I41: Right | J41: -99
A42: gamspenda6 | B42: =VLOOKUP(A42,Sheet2!I:J,2,FALSE) -> 20 | C42: =VLOOKUP(A42,Sheet2!A:B,2,FALSE) -> GC_GAMSPENDWHEN. When did you last do... Summary of gambling in the last 7 days? Was it...?: Played fruit or slot machines (e.g. at an arcade, pub or social club) | D42: .00 | E42: no Played fruit or slot machines (e.g. at an arcade, pub or social club) | F42: Nominal | G42: Input | H42: =VLOOKUP(A42,Sheet2!L:M,2,FALSE) -> 12 | I42: Right | J42: -99
B43: =VLOOKUP(A43,Sheet2!I:J,2,FALSE) -> #N/A | C43: =VLOOKUP(A43,Sheet2!A:B,2,FALSE) -> #N/A | D43: 1.00 | E43: Played fruit or slot machines (e.g. at an arcade, pub or social club) | F43: Nominal | G43: Input | H43: =VLOOKUP(A43,Sheet2!L:M,2,FALSE) -> #N/A | I43: Right | J43: -99
A44: gamspenda7 | B44: =VLOOKUP(A44,Sheet2!I:J,2,FALSE) -> 21 | C44: =VLOOKUP(A44,Sheet2!A:B,2,FALSE) -> GC_GAMSPENDWHEN. When did you last do... Summary of gambling in the last 7 days? Was it...?: Played gambling machines in a betting shop | D44: .00 | E44: no Played gambling machines in a betting shop | F44: Nominal | G44: Input | H44: =VLOOKUP(A44,Sheet2!L:M,2,FALSE) -> 12 | I44: Right | J44: -99
B45: =VLOOKUP(A45,Sheet2!I:J,2,FALSE) -> #N/A | C45: =VLOOKUP(A45,Sheet2!A:B,2,FALSE) -> #N/A | D45: 1.00 | E45: Played gambling machines in a betting shop | F45: Nominal | G45: Input | H45: =VLOOKUP(A45,Sheet2!L:M,2,FALSE) -> #N/A | I45: Right | J45: -99
A46: gamspenda8 | B46: =VLOOKUP(A46,Sheet2!I:J,2,FALSE) -> 22 | C46: =VLOOKUP(A46,Sheet2!A:B,2,FALSE) -> GC_GAMSPENDWHEN. When did you last do... Summary of gambling in the last 7 days? Was it...?: Played cards for money (e.g. with friends or family) | D46: .00 | E46: no Played cards for money (e.g. with friends or family) | F46: Nominal | G46: Input | H46: =VLOOKUP(A46,Sheet2!L:M,2,FALSE) -> 12 | I46: Right | J46: -99
B47: =VLOOKUP(A47,Sheet2!I:J,2,FALSE) -> #N/A | C47: =VLOOKUP(A47,Sheet2!A:B,2,FALSE) -> #N/A | D47: 1.00 | E47: Played cards for money (e.g. with friends or family) | F47: Nominal | G47: Input | H47: =VLOOKUP(A47,Sheet2!L:M,2,FALSE) -> #N/A | I47: Right | J47: -99
A48: gamspenda9 | B48: =VLOOKUP(A48,Sheet2!I:J,2,FALSE) -> 23 | C48: =VLOOKUP(A48,Sheet2!A:B,2,FALSE) -> GC_GAMSPENDWHEN. When did you last do... Summary of gambling in the last 7 days? Was it...?: Played bingo at a bingo club | D48: .00 | E48: no Played bingo at a bingo club | F48: Nominal | G48: Input | H48: =VLOOKUP(A48,Sheet2!L:M,2,FALSE) -> 12 | I48: Right | J48: -99
B49: =VLOOKUP(A49,Sheet2!I:J,2,FALSE) -> #N/A | C49: =VLOOKUP(A49,Sheet2!A:B,2,FALSE) -> #N/A | D49: 1.00 | E49: Played bingo at a bingo club | F49: Nominal | G49: Input | H49: =VLOOKUP(A49,Sheet2!L:M,2,FALSE) -> #N/A | I49: Right | J49: -99
A50: gamspenda10 | B50: =VLOOKUP(A50,Sheet2!I:J,2,FALSE) -> 24 | C50: =VLOOKUP(A50,Sheet2!A:B,2,FALSE) -> GC_GAMSPENDWHEN. When did you last do... Summary of gambling in the last 7 days? Was it...?: Played bingo at somewhere other than a bingo club (e.g. social club, holiday park) | D50: .00 | E50: no Played bingo at somewhere other than a bingo club (e.g. social club, holiday park) | F50: Nominal | G50: Input | H50: =VLOOKUP(A50,Sheet2!L:M,2,FALSE) -> 13 | I50: Right | J50: -99
B51: =VLOOKUP(A51,Sheet2!I:J,2,FALSE) -> #N/A | C51: =VLOOKUP(A51,Sheet2!A:B,2,FALSE) -> #N/A | D51: 1.00 | E51: Played bingo at somewhere other than a bingo club (e.g. social club, holiday park) | F51: Nominal | G51: Input | H51: =VLOOKUP(A51,Sheet2!L:M,2,FALSE) -> #N/A | I51: Right | J51: -99
A52: gamspenda11 | B52: =VLOOKUP(A52,Sheet2!I:J,2,FALSE) -> 25 | C52: =VLOOKUP(A52,Sheet2!A:B,2,FALSE) -> GC_GAMSPENDWHEN. When did you last do... Summary of gambling in the last 7 days? Was it...?: Played bingo online (e.g. Foxy Bingo, Gala Bingo or Tombola) | D52: .00 | E52: no Played bingo online (e.g. Foxy Bingo, Gala Bingo or Tombola) | F52: Nominal | G52: Input | H52: =VLOOKUP(A52,Sheet2!L:M,2,FALSE) -> 13 | I52: Right | J52: -99
B53: =VLOOKUP(A53,Sheet2!I:J,2,FALSE) -> #N/A | C53: =VLOOKUP(A53,Sheet2!A:B,2,FALSE) -> #N/A | D53: 1.00 | E53: Played bingo online (e.g. Foxy Bingo, Gala Bingo or Tombola) | F53: Nominal | G53: Input | H53: =VLOOKUP(A53,Sheet2!L:M,2,FALSE) -> #N/A | I53: Right | J53: -99
A54: gamspenda12 | B54: =VLOOKUP(A54,Sheet2!I:J,2,FALSE) -> 26 | C54: =VLOOKUP(A54,Sheet2!A:B,2,FALSE) -> GC_GAMSPENDWHEN. When did you last do... Summary of gambling in the last 7 days? Was it...?: Placed a bet for money between friends or family | D54: .00 | E54: no Placed a bet for money between friends or family | F54: Nominal | G54: Input | H54: =VLOOKUP(A54,Sheet2!L:M,2,FALSE) -> 13 | I54: Right | J54: -99
B55: =VLOOKUP(A55,Sheet2!I:J,2,FALSE) -> #N/A | C55: =VLOOKUP(A55,Sheet2!A:B,2,FALSE) -> #N/A | D55: 1.00 | E55: Placed a bet for money between friends or family | F55: Nominal | G55: Input | H55: =VLOOKUP(A55,Sheet2!L:M,2,FALSE) -> #N/A | I55: Right | J55: -99
A56: gamspenda13 | B56: =VLOOKUP(A56,Sheet2!I:J,2,FALSE) -> 27 | C56: =VLOOKUP(A56,Sheet2!A:B,2,FALSE) -> GC_GAMSPENDWHEN. When did you last do... Summary of gambling in the last 7 days? Was it...?: Placed a bet on esports (electronic sports i.e. playing video games competitively) online | D56: .00 | E56: no Placed a bet on esports (electronic sports i.e. playing video games competitively) online | F56: Nominal | G56: Input | H56: =VLOOKUP(A56,Sheet2!L:M,2,FALSE) -> 13 | I56: Right | J56: -99
B57: =VLOOKUP(A57,Sheet2!I:J,2,FALSE) -> #N/A | C57: =VLOOKUP(A57,Sheet2!A:B,2,FALSE) -> #N/A | D57: 1.00 | E57: Placed a bet on esports (electronic sports i.e. playing video games competitively) online | F57: Nominal | G57: Input | H57: =VLOOKUP(A57,Sheet2!L:M,2,FALSE) -> #N/A | I57: Right | J57: -99
A58: gamspenda14 | B58: =VLOOKUP(A58,Sheet2!I:J,2,FALSE) -> 28 | C58: =VLOOKUP(A58,Sheet2!A:B,2,FALSE) -> GC_GAMSPENDWHEN. When did you last do... Summary of gambling in the last 7 days? Was it...?: Placed a bet at a betting shop or bookies (e.g. on football or horse racing) | D58: .00 | E58: no Placed a bet at a betting shop or bookies (e.g. on football or horse racing) | F58: Nominal | G58: Input | H58: =VLOOKUP(A58,Sheet2!L:M,2,FALSE) -> 13 | I58: Right | J58: -99
B59: =VLOOKUP(A59,Sheet2!I:J,2,FALSE) -> #N/A | C59: =VLOOKUP(A59,Sheet2!A:B,2,FALSE) -> #N/A | D59: 1.00 | E59: Placed a bet at a betting shop or bookies (e.g. on football or horse racing) | F59: Nominal | G59: Input | H59: =VLOOKUP(A59,Sheet2!L:M,2,FALSE) -> #N/A | I59: Right | J59: -99
A60: gamspenda15 | B60: =VLOOKUP(A60,Sheet2!I:J,2,FALSE) -> 29 | C60: =VLOOKUP(A60,Sheet2!A:B,2,FALSE) -> GC_GAMSPENDWHEN. When did you last do... Summary of gambling in the last 7 days? Was it...?: Placed a bet on a betting website/app (e.g. on football or horse racing) | D60: .00 | E60: no Placed a bet on a betting website/app (e.g. on football or horse racing) | F60: Nominal | G60: Input | H60: =VLOOKUP(A60,Sheet2!L:M,2,FALSE) -> 13 | I60: Right | J60: -99
B61: =VLOOKUP(A61,Sheet2!I:J,2,FALSE) -> #N/A | C61: =VLOOKUP(A61,Sheet2!A:B,2,FALSE) -> #N/A | D61: 1.00 | E61: Placed a bet on a betting website/app (e.g. on football or horse racing) | F61: Nominal | G61: Input | H61: =VLOOKUP(A61,Sheet2!L:M,2,FALSE) -> #N/A | I61: Right | J61: -99
A62: gamspenda16 | B62: =VLOOKUP(A62,Sheet2!I:J,2,FALSE) -> 30 | C62: =VLOOKUP(A62,Sheet2!A:B,2,FALSE) -> GC_GAMSPENDWHEN. When did you last do... Summary of gambling in the last 7 days? Was it...?: Played a game inside a casino | D62: .00 | E62: no Played a game inside a casino | F62: Nominal | G62: Input | H62: =VLOOKUP(A62,Sheet2!L:M,2,FALSE) -> 13 | I62: Right | J62: -99
B63: =VLOOKUP(A63,Sheet2!I:J,2,FALSE) -> #N/A | C63: =VLOOKUP(A63,Sheet2!A:B,2,FALSE) -> #N/A | D63: 1.00 | E63: Played a game inside a casino | F63: Nominal | G63: Input | H63: =VLOOKUP(A63,Sheet2!L:M,2,FALSE) -> #N/A | I63: Right | J63: -99
A64: gamspenda17 | B64: =VLOOKUP(A64,Sheet2!I:J,2,FALSE) -> 31 | C64: =VLOOKUP(A64,Sheet2!A:B,2,FALSE) -> GC_GAMSPENDWHEN. When did you last do... Summary of gambling in the last 7 days? Was it...?: Played casino games online (e.g. online poker or online roulette for money) | D64: .00 | E64: no Played casino games online (e.g. online poker or online roulette for money) | F64: Nominal | G64: Input | H64: =VLOOKUP(A64,Sheet2!L:M,2,FALSE) -> 13 | I64: Right | J64: -99
B65: =VLOOKUP(A65,Sheet2!I:J,2,FALSE) -> #N/A | C65: =VLOOKUP(A65,Sheet2!A:B,2,FALSE) -> #N/A | D65: 1.00 | E65: Played casino games online (e.g. online poker or online roulette for money) | F65: Nominal | G65: Input | H65: =VLOOKUP(A65,Sheet2!L:M,2,FALSE) -> #N/A | I65: Right | J65: -99
A66: gamspenda18 | B66: =VLOOKUP(A66,Sheet2!I:J,2,FALSE) -> 32 | C66: =VLOOKUP(A66,Sheet2!A:B,2,FALSE) -> GC_GAMSPENDWHEN. When did you last do... Summary of gambling in the last 7 days? Was it...?: Net Any National Lottery/other lottery style games | D66: .00 | E66: no Net Any National Lottery/other lottery style games | F66: Nominal | G66: Input | H66: =VLOOKUP(A66,Sheet2!L:M,2,FALSE) -> 13 | I66: Right | J66: -99
B67: =VLOOKUP(A67,Sheet2!I:J,2,FALSE) -> #N/A | C67: =VLOOKUP(A67,Sheet2!A:B,2,FALSE) -> #N/A | D67: 1.00 | E67: Net Any National Lottery/other lottery style games | F67: Nominal | G67: Input | H67: =VLOOKUP(A67,Sheet2!L:M,2,FALSE) -> #N/A | I67: Right | J67: -99
A68: gamspenda19 | B68: =VLOOKUP(A68,Sheet2!I:J,2,FALSE) -> 33 | C68: =VLOOKUP(A68,Sheet2!A:B,2,FALSE) -> GC_GAMSPENDWHEN. When did you last do... Summary of gambling in the last 7 days? Was it...?: Net Any National Lottery | D68: .00 | E68: no Net Any National Lottery | F68: Nominal | G68: Input | H68: =VLOOKUP(A68,Sheet2!L:M,2,FALSE) -> 13 | I68: Right | J68: -99
B69: =VLOOKUP(A69,Sheet2!I:J,2,FALSE) -> #N/A | C69: =VLOOKUP(A69,Sheet2!A:B,2,FALSE) -> #N/A | D69: 1.00 | E69: Net Any National Lottery | F69: Nominal | G69: Input | H69: =VLOOKUP(A69,Sheet2!L:M,2,FALSE) -> #N/A | I69: Right | J69: -99
A70: gamspenda20 | B70: =VLOOKUP(A70,Sheet2!I:J,2,FALSE) -> 34 | C70: =VLOOKUP(A70,Sheet2!A:B,2,FALSE) -> GC_GAMSPENDWHEN. When did you last do... Summary of gambling in the last 7 days? Was it...?: Net Any Lottery games (NL draw/other lotties) | D70: .00 | E70: no Net Any Lottery games (NL draw/other lotties) | F70: Nominal | G70: Input | H70: =VLOOKUP(A70,Sheet2!L:M,2,FALSE) -> 13 | I70: Right | J70: -99
B71: =VLOOKUP(A71,Sheet2!I:J,2,FALSE) -> #N/A | C71: =VLOOKUP(A71,Sheet2!A:B,2,FALSE) -> #N/A | D71: 1.00 | E71: Net Any Lottery games (NL draw/other lotties) | F71: Nominal | G71: Input | H71: =VLOOKUP(A71,Sheet2!L:M,2,FALSE) -> #N/A | I71: Right | J71: -99
A72: gamspenda21 | B72: =VLOOKUP(A72,Sheet2!I:J,2,FALSE) -> 35 | C72: =VLOOKUP(A72,Sheet2!A:B,2,FALSE) -> GC_GAMSPENDWHEN. When did you last do... Summary of gambling in the last 7 days? Was it...?: Net Any Scratchcards/instant win games | D72: .00 | E72: no Net Any Scratchcards/instant win games | F72: Nominal | G72: Input | H72: =VLOOKUP(A72,Sheet2!L:M,2,FALSE) -> 13 | I72: Right | J72: -99
B73: =VLOOKUP(A73,Sheet2!I:J,2,FALSE) -> #N/A | C73: =VLOOKUP(A73,Sheet2!A:B,2,FALSE) -> #N/A | D73: 1.00 | E73: Net Any Scratchcards/instant win games | F73: Nominal | G73: Input | H73: =VLOOKUP(A73,Sheet2!L:M,2,FALSE) -> #N/A | I73: Right | J73: -99
A74: gamspenda22 | B74: =VLOOKUP(A74,Sheet2!I:J,2,FALSE) -> 36 | C74: =VLOOKUP(A74,Sheet2!A:B,2,FALSE) -> GC_GAMSPENDWHEN. When did you last do... Summary of gambling in the last 7 days? Was it...?: Net Any Games and gaming machines | D74: .00 | E74: no Net Any Games and gaming machines | F74: Nominal | G74: Input | H74: =VLOOKUP(A74,Sheet2!L:M,2,FALSE) -> 13 | I74: Right | J74: -99
B75: =VLOOKUP(A75,Sheet2!I:J,2,FALSE) -> #N/A | C75: =VLOOKUP(A75,Sheet2!A:B,2,FALSE) -> #N/A | D75: 1.00 | E75: Net Any Games and gaming machines | F75: Nominal | G75: Input | H75: =VLOOKUP(A75,Sheet2!L:M,2,FALSE) -> #N/A | I75: Right | J75: -99
A76: gamspenda23 | B76: =VLOOKUP(A76,Sheet2!I:J,2,FALSE) -> 37 | C76: =VLOOKUP(A76,Sheet2!A:B,2,FALSE) -> GC_GAMSPENDWHEN. When did you last do... Summary of gambling in the last 7 days? Was it...?: Net Any gaming machines | D76: .00 | E76: no Net Any gaming machines | F76: Nominal | G76: Input | H76: =VLOOKUP(A76,Sheet2!L:M,2,FALSE) -> 13 | I76: Right | J76: -99
B77: =VLOOKUP(A77,Sheet2!I:J,2,FALSE) -> #N/A | C77: =VLOOKUP(A77,Sheet2!A:B,2,FALSE) -> #N/A | D77: 1.00 | E77: Net Any gaming machines | F77: Nominal | G77: Input | H77: =VLOOKUP(A77,Sheet2!L:M,2,FALSE) -> #N/A | I77: Right | J77: -99
A78: gamspenda24 | B78: =VLOOKUP(A78,Sheet2!I:J,2,FALSE) -> 38 | C78: =VLOOKUP(A78,Sheet2!A:B,2,FALSE) -> GC_GAMSPENDWHEN. When did you last do... Summary of gambling in the last 7 days? Was it...?: Net Any Bingo | D78: .00 | E78: no Net Any Bingo | F78: Nominal | G78: Input | H78: =VLOOKUP(A78,Sheet2!L:M,2,FALSE) -> 13 | I78: Right | J78: -99
B79: =VLOOKUP(A79,Sheet2!I:J,2,FALSE) -> #N/A | C79: =VLOOKUP(A79,Sheet2!A:B,2,FALSE) -> #N/A | D79: 1.00 | E79: Net Any Bingo | F79: Nominal | G79: Input | H79: =VLOOKUP(A79,Sheet2!L:M,2,FALSE) -> #N/A | I79: Right | J79: -99
A80: gamspenda25 | B80: =VLOOKUP(A80,Sheet2!I:J,2,FALSE) -> 39 | C80: =VLOOKUP(A80,Sheet2!A:B,2,FALSE) -> GC_GAMSPENDWHEN. When did you last do... Summary of gambling in the last 7 days? Was it...?: Net Any Placing a bet | D80: .00 | E80: no Net Any Placing a bet | F80: Nominal | G80: Input | H80: =VLOOKUP(A80,Sheet2!L:M,2,FALSE) -> 13 | I80: Right | J80: -99
B81: =VLOOKUP(A81,Sheet2!I:J,2,FALSE) -> #N/A | C81: =VLOOKUP(A81,Sheet2!A:B,2,FALSE) -> #N/A | D81: 1.00 | E81: Net Any Placing a bet | F81: Nominal | G81: Input | H81: =VLOOKUP(A81,Sheet2!L:M,2,FALSE) -> #N/A | I81: Right | J81: -99
A82: gamspenda26 | B82: =VLOOKUP(A82,Sheet2!I:J,2,FALSE) -> 40 | C82: =VLOOKUP(A82,Sheet2!A:B,2,FALSE) -> GC_GAMSPENDWHEN. When did you last do... Summary of gambling in the last 7 days? Was it...?: Net Any Casino games | D82: .00 | E82: no Net Any Casino games | F82: Nominal | G82: Input | H82: =VLOOKUP(A82,Sheet2!L:M,2,FALSE) -> 13 | I82: Right | J82: -99
B83: =VLOOKUP(A83,Sheet2!I:J,2,FALSE) -> #N/A | C83: =VLOOKUP(A83,Sheet2!A:B,2,FALSE) -> #N/A | D83: 1.00 | E83: Net Any Casino games | F83: Nominal | G83: Input | H83: =VLOOKUP(A83,Sheet2!L:M,2,FALSE) -> #N/A | I83: Right | J83: -99
A84: gamspenda27 | B84: =VLOOKUP(A84,Sheet2!I:J,2,FALSE) -> 41 | C84: =VLOOKUP(A84,Sheet2!A:B,2,FALSE) -> GC_GAMSPENDWHEN. When did you last do... Summary of gambling in the last 7 days? Was it...?: Net gambled with friends | D84: .00 | E84: no Net gambled with friends | F84: Nominal | G84: Input | H84: =VLOOKUP(A84,Sheet2!L:M,2,FALSE) -> 13 | I84: Right | J84: -99
B85: =VLOOKUP(A85,Sheet2!I:J,2,FALSE) -> #N/A | C85: =VLOOKUP(A85,Sheet2!A:B,2,FALSE) -> #N/A | D85: 1.00 | E85: Net gambled with friends | F85: Nominal | G85: Input | H85: =VLOOKUP(A85,Sheet2!L:M,2,FALSE) -> #N/A | I85: Right | J85: -99
A86: gamspenda28 | B86: =VLOOKUP(A86,Sheet2!I:J,2,FALSE) -> 42 | C86: =VLOOKUP(A86,Sheet2!A:B,2,FALSE) -> GC_GAMSPENDWHEN. When did you last do... Summary of gambling in the last 7 days? Was it...?: Net gambled online | D86: .00 | E86: no Net gambled online | F86: Nominal | G86: Input | H86: =VLOOKUP(A86,Sheet2!L:M,2,FALSE) -> 13 | I86: Right | J86: -99
B87: =VLOOKUP(A87,Sheet2!I:J,2,FALSE) -> #N/A | C87: =VLOOKUP(A87,Sheet2!A:B,2,FALSE) -> #N/A | D87: 1.00 | E87: Net gambled online | F87: Nominal | G87: Input | H87: =VLOOKUP(A87,Sheet2!L:M,2,FALSE) -> #N/A | I87: Right | J87: -99
A88: gamspenda29 | B88: =VLOOKUP(A88,Sheet2!I:J,2,FALSE) -> 43 | C88: =VLOOKUP(A88,Sheet2!A:B,2,FALSE) -> GC_GAMSPENDWHEN. When did you last do... Summary of gambling in the last 7 days? Was it...?: Not gambled in the last 7 days | D88: .00 | E88: no Not gambled in the last 7 days | F88: Nominal | G88: Input | H88: =VLOOKUP(A88,Sheet2!L:M,2,FALSE) -> 13 | I88: Right | J88: -99
B89: =VLOOKUP(A89,Sheet2!I:J,2,FALSE) -> #N/A | C89: =VLOOKUP(A89,Sheet2!A:B,2,FALSE) -> #N/A | D89: 1.00 | E89: Not gambled in the last 7 days | F89: Nominal | G89: Input | H89: =VLOOKUP(A89,Sheet2!L:M,2,FALSE) -> #N/A | I89: Right | J89: -99
A90: gamspenda30 | B90: =VLOOKUP(A90,Sheet2!I:J,2,FALSE) -> 44 | C90: =VLOOKUP(A90,Sheet2!A:B,2,FALSE) -> GC_GAMSPENDWHEN. When did you last do... Summary of gambling in the last 7 days? Was it...?: Net: Gambled in the last 7 days | D90: .00 | E90: no Net: Gambled in the last 7 days | F90: Nominal | G90: Input | H90: =VLOOKUP(A90,Sheet2!L:M,2,FALSE) -> 13 | I90: Right | J90: -99
B91: =VLOOKUP(A91,Sheet2!I:J,2,FALSE) -> #N/A | C91: =VLOOKUP(A91,Sheet2!A:B,2,FALSE) -> #N/A | D91: 1.00 | E91: Net: Gambled in the last 7 days | F91: Nominal | G91: Input | H91: =VLOOKUP(A91,Sheet2!L:M,2,FALSE) -> #N/A | I91: Right | J91: -99
A92: gamspenda31 | B92: =VLOOKUP(A92,Sheet2!I:J,2,FALSE) -> 45 | C92: =VLOOKUP(A92,Sheet2!A:B,2,FALSE) -> GC_GAMSPENDWHEN. When did you last do... Summary of gambling in the last 7 days? Was it...?: Any regulated gambling | D92: .00 | E92: no Any regulated gambling | F92: Nominal | G92: Input | H92: =VLOOKUP(A92,Sheet2!L:M,2,FALSE) -> 13 | I92: Right | J92: -99
B93: =VLOOKUP(A93,Sheet2!I:J,2,FALSE) -> #N/A | C93: =VLOOKUP(A93,Sheet2!A:B,2,FALSE) -> #N/A | D93: 1.00 | E93: Any regulated gambling | F93: Nominal | G93: Input | H93: =VLOOKUP(A93,Sheet2!L:M,2,FALSE) -> #N/A | I93: Right | J93: -99
A94: gamspenda32 | B94: =VLOOKUP(A94,Sheet2!I:J,2,FALSE) -> 46 | C94: =VLOOKUP(A94,Sheet2!A:B,2,FALSE) -> GC_GAMSPENDWHEN. When did you last do... Summary of gambling in the last 7 days? Was it...?: Any unregulated gambling | D94: .00 | E94: no Any unregulated gambling | F94: Nominal | G94: Input | H94: =VLOOKUP(A94,Sheet2!L:M,2,FALSE) -> 13 | I94: Right | J94: -99
B95: =VLOOKUP(A95,Sheet2!I:J,2,FALSE) -> #N/A | C95: =VLOOKUP(A95,Sheet2!A:B,2,FALSE) -> #N/A | D95: 1.00 | E95: Any unregulated gambling | F95: Nominal | G95: Input | H95: =VLOOKUP(A95,Sheet2!L:M,2,FALSE) -> #N/A | I95: Right | J95: -99
A96: gamspenda33 | B96: =VLOOKUP(A96,Sheet2!I:J,2,FALSE) -> 47 | C96: =VLOOKUP(A96,Sheet2!A:B,2,FALSE) -> GC_GAMSPENDWHEN. When did you last do... Summary of gambling in the last 7 days? Was it...?: Any regulated gambling without arcade machines | D96: .00 | E96: no Any regulated gambling without arcade machines | F96: Nominal | G96: Input | H96: =VLOOKUP(A96,Sheet2!L:M,2,FALSE) -> 13 | I96: Right | J96: -99
B97: =VLOOKUP(A97,Sheet2!I:J,2,FALSE) -> #N/A | C97: =VLOOKUP(A97,Sheet2!A:B,2,FALSE) -> #N/A | D97: 1.00 | E97: Any regulated gambling without arcade machines | F97: Nominal | G97: Input | H97: =VLOOKUP(A97,Sheet2!L:M,2,FALSE) -> #N/A | I97: Right | J97: -99
A98: gamspendbx1 | B98: =VLOOKUP(A98,Sheet2!I:J,2,FALSE) -> 48 | C98: =VLOOKUP(A98,Sheet2!A:B,2,FALSE) -> GC_GAMSPENDWHEN. When did you last do... Summary of gambling in last 7 days/4 weeks? Was it...?: National Lottery draw e.g. Lotto, EuroMillions or Set for Life, either with a physical ticket or playing online | D98: .00 | E98: no National Lottery draw e.g. Lotto, EuroMillions or Set for Life, either with a physical ticket or playing online | F98: Nominal | G98: Input | H98: =VLOOKUP(A98,Sheet2!L:M,2,FALSE) -> 13 | I98: Right | J98: -99
B99: =VLOOKUP(A99,Sheet2!I:J,2,FALSE) -> #N/A | C99: =VLOOKUP(A99,Sheet2!A:B,2,FALSE) -> #N/A | D99: 1.00 | E99: National Lottery draw e.g. Lotto, EuroMillions or Set for Life, either with a physical ticket or playing online | F99: Nominal | G99: Input | H99: =VLOOKUP(A99,Sheet2!L:M,2,FALSE) -> #N/A | I99: Right | J99: -99
A100: gamspendbx2 | B100: =VLOOKUP(A100,Sheet2!I:J,2,FALSE) -> 49 | C100: =VLOOKUP(A100,Sheet2!A:B,2,FALSE) -> GC_GAMSPENDWHEN. When did you last do... Summary of gambling in last 7 days/4 weeks? Was it...?: National Lottery Scratchcards (not free Scratchcards) | D100: .00 | E100: no National Lottery Scratchcards (not free Scratchcards) | F100: Nominal | G100: Input | H100: =VLOOKUP(A100,Sheet2!L:M,2,FALSE) -> 13 | I100: Right | J100: -99
...

Sheet Sheet2
I1: Variable Values
A2: Variable | B2: Label | I2: Value | L2: Variable | M2: Column Width
A3: qcountry | B3: QCOUNTRY. Country School is in | I3: qcountry | J3: 1 | L3: qcountry | M3: 10
A4: problem1 | B4: Problem gambler: Respondents who have gambled in the last 12 months with their own money | I4: problem1 | J4: 2 | L4: problem1 | M4: 10
A5: problem2 | B5: Problem gambler: Non-problem gambler | I5: problem2 | J5: 3 | L5: problem2 | M5: 10
A6: problem3 | B6: Problem gambler: At risk | I6: problem3 | J6: 4 | L6: problem3 | M6: 10
A7: problem4 | B7: Problem gambler: Problem | I7: problem4 | J7: 5 | L7: problem4 | M7: 10
A8: problem5 | B8: Problem gambler: Respondents who say prefer not to say to all problem gambling screening questions | I8: problem5 | J8: 6 | L8: problem5 | M8: 10
A9: problem6 | B9: Problem gambler: Not used own money in last 12 months/not gambled | I9: problem6 | J9: 7 | L9: problem6 | M9: 10
A10: problem7 | B10: Problem gambler: Never done any of the activities | I10: problem7 | J10: 8 | L10: problem7 | M10: 10
A11: problem8 | B11: Problem gambler: Not spent own money on any activity | I11: problem8 | J11: 9 | L11: problem8 | M11: 10
A12: problem9 | B12: Problem gambler: Used own money but not in the last 12 months | I12: problem9 | J12: 10 | L12: problem9 | M12: 10
A13: problem10 | B13: Problem gambler: Not stated/not answered | I13: problem10 | J13: 11 | L13: problem10 | M13: 11
A14: problem11 | B14: Problem gambler: Any regulated gambling | I14: problem11 | J14: 12 | L14: problem11 | M14: 11
... A1299: ethnicity2 | B1299: ETHNICITY. Which of the following best describes you? | I1299: ethnicity2 | J1299: 1297 | L1299: ethnicity2 | M1299: 12
A1300: serial | B1300: Serial number
A1301: schoolid | B1301: School ID number
A1302: exage | B1302: Exact age
A1303: weight0 | B1303: <none>
